City,Distance
Albany NY,1814
Atlanta GA,1415
Billings MT,555
Boise ID,830
Buffalo NY,1525
Charleston WV,1371
Cheyenne WY,100
Cleveland OH,1336
Columbus OH,1276
Des Moines IA,674
EL Paso TX,623
Grand Junction CO,246
Houston TX,1129
Jackson MS,1225
Kansas City MO,605
Little Rock AR,966
Louisville KY,1120
Miami FL,2076
Minneapolis MN,919
New Orleans LA,1407
Norfolk VA,1781
Omaha NE,540
Philadelphia PA,1750
Pittsburgh PA,1460
Portland OR,1250
Reno NV,1052
Salt Lake City UT,529
San Diego CA,1082
Seattle WA,132
Wichita KS,517
Albuquerque NM,439
Baltimore MD,1693
Birmingham AL,1364
Boston MA,1980
Charleston SC,1721
Charlotte NC,1580
Chicago IL,1009
Columbia SC,1612
Dallas TX,882
Detroit MI,1272
Fargo ND,901
Hartford CT,1897
Indianapolis IN,1101
Jacksonville FL,1761
Las Vegas NV,749
Los Angeles CA,1022
Memphis TN,1097
Milwaukee WI,1048
Nashville TN,1175
New York NY,1805
Oklahoma City OK,674
Orlando FL,1855
Phoenix AZ,809
Portland ME,2081
Rapid City SD,400
St. Louis MO,8588
San Antonio TX,936
San Francisco CA,1276
Washington DC,1694